timestamp,percent,state,seconds_left,,,
2025-08-31 11:41,41,Charging,-,,,
2025-08-31 11:42,42,Charging,-,,,
2025-08-31 11:43,43,Charging,-,,,
2025-08-31 11:44,44,Charging,-,,,
2025-08-31 11:45,45,Charging,-,,,
2025-08-31 11:45,46,Charging,Yes,-,-,
2025-08-31 11:46,47,Charging,Yes,-,2101,
2025-08-31 11:46,48,Charging,Yes,-,1811,
2025-08-31 11:47,48,Charging,Yes,-,2591,
2025-08-31 11:47,49,Charging,Yes,-,2204,
2025-08-31 11:48,49,Charging,Yes,-,2714,
2025-08-31 11:48,50,Charging,Yes,-,2371,
2025-08-31 11:49,51,Charging,Yes,-,2058,
2025-08-31 11:49,51,Charging,Yes,-,2573,
2025-08-31 11:50,52,Charging,Yes,-,2520,
2025-08-31 11:50,52,Charging,Yes,-,2520,
2025-08-31 11:51,53,Charging,Yes,-,2468,
2025-08-31 11:51,54,Charging,Yes,-,1933,
2025-08-31 11:52,54,Charging,Yes,-,2417,
2025-08-31 11:52,55,Charging,Yes,-,2364,
2025-08-31 11:53,55,Charging,Yes,-,2364,
2025-08-31 11:53,56,Charging,Yes,-,2311,
2025-08-31 11:54,57,Charging,Yes,-,1807,
2025-08-31 11:54,57,Charging,Yes,-,2258,
2025-08-31 11:55,59,Charging,Yes,-,1722,
2025-08-31 11:55,59,Charging,Yes,-,1722,
2025-08-31 11:56,60,Charging,Yes,-,1680,
2025-08-31 11:56,60,Charging,Yes,-,1680,
2025-08-31 11:57,61,Charging,Yes,-,1638,
2025-08-31 11:57,62,Charging,Yes,-,1596,
2025-08-31 11:58,62,Charging,Yes,-,1596,
2025-08-31 11:58,63,Charging,Yes,-,1942,
2025-08-31 11:59,64,Charging,Yes,-,1512,
2025-08-31 11:59,64,Charging,Yes,-,1890,
2025-08-31 12:00,65,Charging,Yes,-,1470,
2025-08-31 12:00,66,Charging,Yes,-,1428,
2025-08-31 12:01,66,Charging,Yes,-,1785,
2025-08-31 12:01,67,Charging,Yes,-,1386,
2025-08-31 12:02,67,Charging,Yes,-,1733,
2025-08-31 12:02,68,Charging,Yes,-,1680,
2025-08-31 12:03,68,Charging,Yes,-,1680,
2025-08-31 12:03,69,Charging,Yes,-,1628,
2025-08-31 12:04,70,Charging,Yes,-,1575,
2025-08-31 12:04,70,Charging,Yes,-,1575,
2025-08-31 12:05,71,Charging,Yes,-,1522,
2025-08-31 12:05,72,Charging,Yes,-,1176,
2025-08-31 12:06,72,Charging,Yes,-,1470,
2025-08-31 12:06,73,Charging,Yes,-,1134,
2025-08-31 12:07,74,Charging,Yes,-,1092,
2025-08-31 12:07,74,Charging,Yes,-,1365,
2025-08-31 12:08,75,Charging,Yes,-,1050,
2025-08-31 12:08,76,Charging,Yes,-,1008,
2025-08-31 12:09,76,Charging,Yes,-,1260,
2025-08-31 12:09,77,Charging,Yes,-,966,
2025-08-31 12:10,78,Charging,Yes,-,924,
2025-08-31 12:10,78,Charging,Yes,-,1155,
2025-08-31 12:11,79,Charging,Yes,-,882,
2025-08-31 12:11,79,Charging,Yes,-,1102,
2025-08-31 12:12,80,Charging,Yes,-,1050,
2025-08-31 12:12,81,Charging,Yes,-,798,
2025-08-31 12:13,81,Charging,Yes,-,997,
2025-08-31 12:13,82,Charging,Yes,-,945,
2025-08-31 12:14,82,Charging,Yes,-,945,
2025-08-31 12:14,83,Charging,Yes,-,892,
2025-08-31 12:15,83,Charging,Yes,-,892,
2025-08-31 12:15,84,Charging,Yes,-,840,
2025-08-31 12:16,85,Charging,Yes,-,787,
2025-08-31 12:16,85,Charging,Yes,-,787,
2025-08-31 12:17,86,Charging,Yes,-,735,
2025-08-31 12:17,86,Charging,Yes,-,735,
2025-08-31 12:18,87,Charging,Yes,-,682,
2025-08-31 12:18,87,Charging,Yes,-,682,
2025-08-31 12:19,88,Charging,Yes,-,630,
2025-08-31 12:19,88,Charging,Yes,-,840,
2025-08-31 12:20,89,Charging,Yes,-,577,
2025-08-31 12:20,89,Charging,Yes,-,770,
2025-08-31 12:21,90,Charging,Yes,-,525,
2025-08-31 12:21,90,Charging,Yes,-,700,
2025-08-31 12:22,91,Charging,Yes,-,472,
2025-08-31 12:22,91,Charging,Yes,-,630,
2025-08-31 12:23,91,Charging,Yes,-,630,
2025-08-31 12:23,92,Charging,Yes,-,560,
2025-08-31 12:24,92,Charging,Yes,-,560,
2025-08-31 12:24,92,Charging,Yes,-,840,
2025-08-31 12:25,93,Charging,Yes,-,490,
2025-08-31 12:25,93,Charging,Yes,-,735,
2025-08-31 12:26,94,Charging,Yes,-,420,
2025-08-31 12:26,94,Charging,Yes,-,420,
2025-08-31 12:27,94,Charging,Yes,-,630,
2025-08-31 12:27,95,Charging,Yes,-,350,
2025-08-31 12:28,95,Charging,Yes,-,350,
2025-08-31 12:28,95,Charging,Yes,-,525,
2025-08-31 12:29,96,Charging,Yes,-,280,
2025-08-31 12:29,96,Charging,Yes,-,420,
2025-08-31 12:30,96,Charging,Yes,-,420,
2025-08-31 12:30,97,Charging,Yes,-,210,
2025-08-31 12:31,97,Charging,Yes,-,315,
2025-08-31 12:31,97,Charging,Yes,-,315,
2025-08-31 12:32,97,Charging,Yes,-,315,
2025-08-31 12:32,98,Charging,Yes,-,210,
2025-08-31 12:33,98,Charging,Yes,-,210,
2025-08-31 12:33,98,Charging,Yes,-,210,
2025-08-31 12:34,98,Charging,Yes,-,420,
2025-08-31 12:34,98,Charging,Yes,-,420,
2025-08-31 12:35,99,Charging,Yes,-,105,
2025-08-31 12:35,99,Charging,Yes,-,105,
2025-08-31 12:36,99,Charging,Yes,-,210,
2025-08-31 12:36,99,Charging,Yes,-,210,
2025-08-31 12:37,99,Charging,Yes,-,210,
2025-08-31 12:37,99,Charging,Yes,-,210,
2025-08-31 12:38,99,Charging,Yes,-,210,
2025-08-31 12:38,99,Charging,Yes,-,-,
2025-08-31 12:39,99,Charging,Yes,-,-,
2025-08-31 12:39,99,Charging,Yes,-,-,
2025-08-31 12:40,99,Charging,Yes,-,-,
2025-08-31 12:40,99,Charging,Yes,-,-,
2025-08-31 12:41,99,Charging,Yes,-,-,
2025-08-31 12:41,99,Charging,Yes,-,-,
2025-08-31 12:42,99,Charging,Yes,-,-,
2025-08-31 12:42,99,Charging,Yes,-,-,
2025-08-31 12:43,99,Charging,Yes,-,-,
2025-08-31 12:43,99,Charging,Yes,-,-,
2025-08-31 12:44,99,Charging,Yes,-,-,
2025-08-31 12:44,99,Charging,Yes,-,-,
2025-08-31 12:45,99,Charging,Yes,-,-,
2025-08-31 12:45,99,Charging,Yes,-,-,
2025-08-31 12:46,99,Charging,Yes,-,-,
2025-08-31 12:46,99,Charging,Yes,-,-,
2025-08-31 12:47,99,Charging,Yes,-,-,
2025-08-31 12:47,99,Charging,Yes,-,-,
2025-08-31 12:48,99,Charging,Yes,-,-,
2025-08-31 12:48,99,Charging,Yes,-,-,
2025-08-31 12:49,99,Charging,Yes,-,-,
2025-08-31 12:49,99,Charging,Yes,-,-,
2025-08-31 12:50,99,Charging,Yes,-,-,
2025-08-31 12:50,99,Charging,Yes,-,-,
2025-08-31 12:51,99,Charging,Yes,-,-,
2025-08-31 12:51,99,Charging,Yes,-,-,
2025-08-31 12:52,99,Charging,Yes,-,-,
2025-08-31 12:52,99,Charging,Yes,-,-,
2025-08-31 12:53,99,Charging,Yes,-,-,
2025-08-31 12:53,99,Discharging,No,4294967295,-,UNPLUGGED
2025-08-31 12:54,99,Discharging,No,4294967295,-,
2025-08-31 12:54,99,Discharging,No,4294967295,-,
2025-08-31 12:55,99,Discharging,No,4294967295,-,
2025-08-31 12:55,99,Discharging,No,4294967295,-,
2025-08-31 12:56,99,Discharging,No,4294967295,-,
2025-08-31 12:56,99,Discharging,No,4294967295,-,
2025-08-31 12:57,99,Discharging,No,4294967295,-,
2025-08-31 12:57,99,Charging,Yes,-,-,PLUGGED_IN
2025-08-31 12:58,99,Charging,Yes,-,-,
2025-08-31 12:58,99,Charging,Yes,-,-,
2025-08-31 12:59,99,Charging,Yes,-,-,
2025-08-31 12:59,99,Charging,Yes,-,-,
2025-08-31 13:00,99,Charging,Yes,-,-,
2025-08-31 13:00,99,Charging,Yes,-,-,
2025-08-31 13:01,99,Charging,Yes,-,-,
2025-08-31 13:01,99,Charging,Yes,-,-,
2025-08-31 13:02,99,Charging,Yes,-,-,
2025-08-31 13:02,99,Charging,Yes,-,-,
2025-08-31 13:03,99,Charging,Yes,-,-,
2025-08-31 13:03,99,Charging,Yes,-,-,
2025-08-31 13:04,99,Charging,Yes,-,-,
2025-08-31 13:04,99,Charging,Yes,-,-,
2025-08-31 13:05,99,Charging,Yes,-,-,
2025-08-31 13:05,99,Charging,Yes,-,-,
2025-08-31 13:06,99,Charging,Yes,-,-,
2025-08-31 13:06,99,Charging,Yes,-,-,
2025-08-31 13:07,99,Charging,Yes,-,-,
2025-08-31 13:07,99,Charging,Yes,-,-,
2025-08-31 13:08,99,Charging,Yes,-,-,
2025-08-31 13:08,99,Charging,Yes,-,-,
2025-08-31 13:09,99,Charging,Yes,-,-,
2025-08-31 13:09,99,Charging,Yes,-,-,
2025-08-31 13:10,99,Charging,Yes,-,-,
2025-08-31 13:10,99,Charging,Yes,-,-,
2025-08-31 13:11,99,Charging,Yes,-,-,
2025-08-31 13:11,99,Charging,Yes,-,-,
2025-08-31 13:12,99,Charging,Yes,-,-,
2025-08-31 13:12,99,Charging,Yes,-,-,
2025-08-31 13:13,99,Charging,Yes,-,-,
2025-08-31 13:13,100,Charging,Yes,-,0,
2025-08-31 13:14,100,Charging,Yes,-,0,
2025-08-31 13:14,100,Charging,Yes,-,0,
2025-08-31 13:15,100,Charging,Yes,-,0,
2025-08-31 13:15,100,Charging,Yes,-,0,
2025-08-31 13:16,100,Charging,Yes,-,0,
2025-08-31 13:16,100,Charging,Yes,-,0,
2025-08-31 13:17,100,Charging,Yes,-,0,
2025-08-31 13:17,100,Charging,Yes,-,0,
2025-08-31 13:18,100,Charging,Yes,-,0,
2025-08-31 13:18,100,Charging,Yes,-,0,
2025-08-31 13:19,100,Charging,Yes,-,0,
2025-08-31 13:19,100,Charging,Yes,-,0,
2025-08-31 13:20,100,Charging,Yes,-,0,
2025-08-31 13:20,100,Charging,Yes,-,0,
2025-08-31 13:21,100,Charging,Yes,-,0,
2025-08-31 13:21,100,Charging,Yes,-,0,
2025-08-31 13:22,100,Charging,Yes,-,0,
2025-08-31 13:22,100,Charging,Yes,-,0,
2025-08-31 13:23,100,Charging,Yes,-,0,
2025-08-31 13:23,100,Charging,Yes,-,0,
2025-08-31 13:24,100,Charging,Yes,-,0,
2025-08-31 13:24,100,Charging,Yes,-,0,
2025-08-31 13:25,100,Charging,Yes,-,0,
2025-08-31 13:25,100,Charging,Yes,-,0,
2025-08-31 13:26,100,Charging,Yes,-,0,
2025-08-31 13:26,100,Charging,Yes,-,0,
2025-08-31 13:27,100,Charging,Yes,-,0,
2025-08-31 13:27,100,Discharging,No,4294967295,-,UNPLUGGED
2025-08-31 13:28,100,Discharging,No,4294967295,-,
2025-08-31 13:28,100,Discharging,No,4294967295,-,
2025-08-31 13:29,99,Discharging,No,4294967295,20795,
2025-08-31 13:29,99,Discharging,No,4294967295,20796,
2025-08-31 13:30,99,Discharging,No,4294967295,20796,
2025-08-31 13:30,99,Discharging,No,4294967295,20797,
2025-08-31 13:31,98,Discharging,No,4294967295,10294,
2025-08-31 13:31,98,Discharging,No,4294967295,10294,
2025-08-31 13:32,98,Discharging,No,4294967295,10294,
2025-08-31 13:32,97,Discharging,No,4294967295,10189,
2025-08-31 13:33,97,Discharging,No,4294967295,10189,
2025-08-31 13:33,97,Discharging,No,4294967295,10190,
2025-08-31 13:34,97,Discharging,No,4294967295,10189,
2025-08-31 13:34,97,Discharging,No,4294967295,20378,
2025-08-31 13:35,97,Discharging,No,4294967295,20377,
2025-08-31 13:35,97,Discharging,No,4294967295,20377,
2025-08-31 13:36,97,Discharging,No,4294967295,-,
2025-08-31 13:36,96,Discharging,No,4294967295,20166,
2025-08-31 13:37,96,Discharging,No,4294967295,20166,
2025-08-31 13:37,96,Discharging,No,4294967295,20166,
2025-08-31 13:38,96,Discharging,No,4294967295,20167,
2025-08-31 13:38,96,Discharging,No,4294967295,20168,
2025-08-31 13:39,95,Discharging,No,4294967295,9979,
2025-08-31 13:39,95,Discharging,No,4294967295,9979,
2025-08-31 13:40,95,Discharging,No,4294967295,19959,
2025-08-31 13:40,95,Discharging,No,4294967295,19961,
2025-08-31 13:41,94,Discharging,No,4294967295,9876,
2025-08-31 13:41,94,Discharging,No,4294967295,9876,
2025-08-31 13:42,94,Discharging,No,4294967295,9876,
2025-08-31 13:42,94,Discharging,No,4294967295,19753,
2025-08-31 13:43,94,Discharging,No,4294967295,19752,
2025-08-31 13:43,93,Discharging,No,4294967295,9771,
2025-08-31 13:44,93,Discharging,No,4294967295,9770,
2025-08-31 13:44,93,Discharging,No,4294967295,19539,
2025-08-31 13:45,93,Discharging,No,4294967295,19539,
2025-08-31 13:45,93,Discharging,No,4294967295,19538,
2025-08-31 13:46,92,Discharging,No,4294967295,9664,
2025-08-31 13:46,92,Discharging,No,4294967295,9664,
2025-08-31 13:47,92,Discharging,No,4294967295,19329,
2025-08-31 13:47,91,Discharging,No,4294967295,9560,
2025-08-31 13:48,91,Discharging,No,4294967295,9559,
2025-08-31 13:48,91,Discharging,No,4294967295,9561,
2025-08-31 13:49,90,Discharging,No,4294967295,6304,
2025-08-31 13:49,90,Discharging,No,4294967295,9455,
2025-08-31 13:50,90,Discharging,No,4294967295,9455,
2025-08-31 13:50,89,Discharging,No,4294967295,6234,
2025-08-31 13:51,89,Discharging,No,4294967295,9352,
2025-08-31 13:51,89,Discharging,No,4294967295,9352,
2025-08-31 13:52,89,Discharging,No,4294967295,9350,
2025-08-31 13:52,88,Discharging,No,4294967295,9245,
2025-08-31 13:53,88,Discharging,No,4294967295,9245,
2025-08-31 13:53,88,Discharging,No,4294967295,9245,
2025-08-31 13:54,88,Discharging,No,4294967295,18487,
2025-08-31 13:54,87,Discharging,No,4294967295,9138,
2025-08-31 13:55,87,Discharging,No,4294967295,9139,
2025-08-31 13:55,87,Discharging,No,4294967295,9139,
2025-08-31 13:56,87,Discharging,No,4294967295,18279,
2025-08-31 13:56,86,Discharging,No,4294967295,9035,
2025-08-31 13:57,86,Discharging,No,4294967295,9035,
2025-08-31 13:57,86,Discharging,No,4294967295,9035,
2025-08-31 13:58,86,Discharging,No,4294967295,18071,
2025-08-31 13:58,86,Discharging,No,4294967295,18070,
2025-08-31 13:59,85,Discharging,No,4294967295,8935,
2025-08-31 13:59,85,Discharging,No,4294967295,8934,
2025-08-31 14:00,85,Discharging,No,4294967295,17868,
2025-08-31 14:00,85,Discharging,No,4294967295,17868,
2025-08-31 14:01,84,Discharging,No,4294967295,8828,
2025-08-31 14:01,84,Discharging,No,4294967295,8828,
2025-08-31 14:02,84,Discharging,No,4294967295,8829,
2025-08-31 14:02,83,Discharging,No,4294967295,8719,
2025-08-31 14:03,83,Discharging,No,4294967295,8718,
2025-08-31 14:03,83,Discharging,No,4294967295,8718,
2025-08-31 14:04,83,Discharging,No,4294967295,8718,
2025-08-31 14:04,82,Discharging,No,4294967295,8613,
2025-08-31 14:05,82,Discharging,No,4294967295,8613,
2025-08-31 14:05,82,Discharging,No,4294967295,8614,
2025-08-31 14:06,81,Discharging,No,4294967295,8509,
2025-08-31 14:06,81,Discharging,No,4294967295,8509,
2025-08-31 14:07,81,Discharging,No,4294967295,8510,
2025-08-31 14:07,80,Discharging,No,4294967295,5605,
2025-08-31 14:08,80,Discharging,No,4294967295,8407,
2025-08-31 14:08,80,Discharging,No,4294967295,8407,
2025-08-31 14:09,79,Discharging,No,4294967295,5534,
2025-08-31 14:09,79,Discharging,No,4294967295,8300,
2025-08-31 14:10,79,Discharging,No,4294967295,8301,
2025-08-31 14:10,78,Discharging,No,4294967295,5464,
2025-08-31 14:11,78,Discharging,No,4294967295,8193,
2025-08-31 14:11,78,Discharging,No,4294967295,8193,
2025-08-31 14:12,78,Discharging,No,4294967295,8193,
2025-08-31 14:12,78,Discharging,No,4294967295,16387,
2025-08-31 14:13,77,Discharging,No,4294967295,8089,
2025-08-31 14:13,77,Discharging,No,4294967295,8088,
2025-08-31 14:14,77,Discharging,No,4294967295,16178,
2025-08-31 14:14,76,Discharging,No,4294967295,7984,
2025-08-31 14:15,76,Discharging,No,4294967295,7985,
2025-08-31 14:15,76,Discharging,No,4294967295,7985,
2025-08-31 14:16,76,Discharging,No,4294967295,7985,
2025-08-31 14:16,75,Discharging,No,4294967295,7879,
2025-08-31 14:17,75,Discharging,No,4294967295,7879,
2025-08-31 14:17,75,Discharging,No,4294967295,7879,
2025-08-31 14:18,75,Discharging,No,4294967295,15757,
2025-08-31 14:18,74,Discharging,No,4294967295,7773,
2025-08-31 14:19,74,Discharging,No,4294967295,7773,
2025-08-31 14:19,73,Discharging,No,4294967295,5112,
2025-08-31 14:20,73,Discharging,No,4294967295,7670,
2025-08-31 14:20,73,Discharging,No,4294967295,7671,
2025-08-31 14:21,73,Discharging,No,4294967295,7672,
2025-08-31 14:21,72,Discharging,No,4294967295,5045,
2025-08-31 14:22,72,Discharging,No,4294967295,7567,
2025-08-31 14:22,72,Discharging,No,4294967295,7568,
2025-08-31 14:23,71,Discharging,No,4294967295,7463,
2025-08-31 14:23,71,Discharging,No,4294967295,7461,
2025-08-31 14:24,71,Discharging,No,4294967295,7460,
2025-08-31 14:24,70,Discharging,No,4294967295,4903,
2025-08-31 14:25,70,Discharging,No,4294967295,7353,
2025-08-31 14:25,70,Discharging,No,4294967295,7353,
2025-08-31 14:26,70,Discharging,No,4294967295,7352,
2025-08-31 14:26,69,Discharging,No,4294967295,7247,
2025-08-31 14:27,69,Discharging,No,4294967295,7247,
2025-08-31 14:27,68,Discharging,No,4294967295,4761,
2025-08-31 14:28,68,Discharging,No,4294967295,7142,
2025-08-31 14:28,68,Discharging,No,4294967295,7143,
2025-08-31 14:29,67,Discharging,No,4294967295,4692,
2025-08-31 14:29,67,Discharging,No,4294967295,4692,
2025-08-31 14:30,67,Discharging,No,4294967295,7038,
2025-08-31 14:30,67,Discharging,No,4294967295,7038,
2025-08-31 14:31,67,Discharging,No,4294967295,14077,
2025-08-31 14:31,66,Discharging,No,4294967295,6933,
2025-08-31 14:32,66,Discharging,No,4294967295,6933,
2025-08-31 14:32,66,Discharging,No,4294967295,13867,
2025-08-31 14:33,65,Discharging,No,4294967295,6828,
2025-08-31 14:33,65,Discharging,No,4294967295,6828,
2025-08-31 14:34,65,Discharging,No,4294967295,6828,
2025-08-31 14:34,65,Discharging,No,4294967295,6827,
2025-08-31 14:35,65,Discharging,No,4294967295,13656,
2025-08-31 14:35,64,Discharging,No,4294967295,6723,
2025-08-31 14:36,64,Discharging,No,4294967295,6722,
2025-08-31 14:36,64,Discharging,No,4294967295,13445,
2025-08-31 14:37,64,Discharging,No,4294967295,13445,
2025-08-31 14:37,63,Discharging,No,4294967295,6617,
2025-08-31 14:38,63,Discharging,No,4294967295,6617,
2025-08-31 14:38,63,Discharging,No,4294967295,6617,
2025-08-31 14:39,63,Discharging,No,4294967295,13234,
2025-08-31 14:39,62,Discharging,No,4294967295,6512,
2025-08-31 14:40,62,Discharging,No,4294967295,6512,
2025-08-31 14:41,62,Discharging,No,4294967295,6512,
2025-08-31 14:41,62,Discharging,No,4294967295,13025,
2025-08-31 14:42,62,Discharging,No,4294967295,13025,
2025-08-31 14:42,62,Discharging,No,4294967295,13025,
2025-08-31 14:43,61,Discharging,No,4294967295,6407,
2025-08-31 14:43,61,Discharging,No,4294967295,12815,
2025-08-31 14:44,60,Discharging,No,4294967295,6302,
2025-08-31 14:44,60,Discharging,No,4294967295,6303,
2025-08-31 14:45,60,Discharging,No,4294967295,6302,
2025-08-31 14:45,60,Discharging,No,4294967295,6302,
2025-08-31 14:46,60,Discharging,No,4294967295,6303,
2025-08-31 14:46,60,Discharging,No,4294967295,12606,
2025-08-31 14:47,59,Discharging,No,4294967295,6198,
2025-08-31 14:47,59,Discharging,No,4294967295,12396,
2025-08-31 14:48,59,Discharging,No,4294967295,12395,
2025-08-31 14:48,58,Discharging,No,4294967295,6092,
2025-08-31 14:49,58,Discharging,No,4294967295,6092,
2025-08-31 14:49,57,Discharging,No,4294967295,3992,
2025-08-31 14:50,57,Discharging,No,4294967295,3992,
2025-08-31 14:50,57,Discharging,No,4294967295,5987,
2025-08-31 14:51,56,Discharging,No,4294967295,3921,
2025-08-31 14:51,56,Discharging,No,4294967295,3922,
2025-08-31 14:52,56,Discharging,No,4294967295,5884,
2025-08-31 14:52,55,Discharging,No,4294967295,3852,
2025-08-31 14:53,55,Discharging,No,4294967295,5778,
2025-08-31 14:53,55,Discharging,No,4294967295,5778,
2025-08-31 14:54,55,Discharging,No,4294967295,5778,
2025-08-31 14:54,54,Discharging,No,4294967295,5673,
2025-08-31 14:55,54,Discharging,No,4294967295,5673,
2025-08-31 14:55,54,Discharging,No,4294967295,5672,
2025-08-31 14:56,54,Discharging,No,4294967295,11345,
2025-08-31 14:56,54,Discharging,No,4294967295,11345,
2025-08-31 14:57,53,Discharging,No,4294967295,5567,
2025-08-31 14:57,53,Discharging,No,4294967295,5567,
2025-08-31 14:58,53,Discharging,No,4294967295,11134,
2025-08-31 14:58,53,Discharging,No,4294967295,11134,
2025-08-31 14:59,52,Discharging,No,4294967295,5462,
2025-08-31 14:59,52,Discharging,No,4294967295,5462,
2025-08-31 15:00,52,Discharging,No,4294967295,5462,
2025-08-31 15:00,52,Discharging,No,4294967295,10924,
2025-08-31 15:01,51,Discharging,No,4294967295,5357,
2025-08-31 15:01,51,Discharging,No,4294967295,5357,
2025-08-31 15:02,50,Discharging,No,4294967295,3502,
2025-08-31 15:02,50,Discharging,No,4294967295,5253,
2025-08-31 15:03,50,Discharging,No,4294967295,5253,
2025-08-31 15:03,50,Discharging,No,4294967295,5253,
2025-08-31 15:04,49,Discharging,No,4294967295,3432,
2025-08-31 15:04,49,Discharging,No,4294967295,5148,
2025-08-31 15:05,49,Discharging,No,4294967295,5147,
2025-08-31 15:05,49,Discharging,No,4294967295,10294,
2025-08-31 15:06,48,Discharging,No,4294967295,5042,
2025-08-31 15:06,48,Discharging,No,4294967295,5042,
2025-08-31 15:07,48,Discharging,No,4294967295,5042,
2025-08-31 15:07,48,Discharging,No,4294967295,10084,
2025-08-31 15:08,48,Discharging,No,4294967295,10084,
2025-08-31 15:08,48,Discharging,No,4294967295,10084,
2025-08-31 15:09,47,Discharging,No,4294967295,4937,
2025-08-31 15:09,47,Discharging,No,4294967295,9874,
2025-08-31 15:10,47,Discharging,No,4294967295,9874,
2025-08-31 15:10,47,Discharging,No,4294967295,9874,
2025-08-31 15:11,47,Discharging,No,4294967295,9874,
2025-08-31 15:11,46,Discharging,No,4294967295,4831,
2025-08-31 15:12,46,Discharging,No,4294967295,4831,
2025-08-31 15:12,46,Discharging,No,4294967295,9663,
2025-08-31 15:13,46,Discharging,No,4294967295,9663,
2025-08-31 15:13,46,Discharging,No,4294967295,9663,
2025-08-31 15:14,46,Discharging,No,4294967295,9663,
2025-08-31 15:14,46,Discharging,No,4294967295,9663,
2025-08-31 15:15,45,Discharging,No,4294967295,9452,
2025-08-31 15:15,45,Discharging,No,4294967295,9452,
2025-08-31 15:16,45,Discharging,No,4294967295,9452,
2025-08-31 15:16,45,Discharging,No,4294967295,9452,
2025-08-31 15:17,44,Discharging,No,4294967295,4621,
2025-08-31 15:17,44,Discharging,No,4294967295,4621,
2025-08-31 15:18,44,Discharging,No,4294967295,4621,
2025-08-31 15:18,44,Discharging,No,4294967295,9243,
2025-08-31 15:19,44,Discharging,No,4294967295,9243,
2025-08-31 15:19,43,Discharging,No,4294967295,4516,
2025-08-31 15:20,43,Discharging,No,4294967295,4517,
2025-08-31 15:20,43,Discharging,No,4294967295,9034,
2025-08-31 15:21,42,Discharging,No,4294967295,4412,
2025-08-31 15:21,42,Discharging,No,4294967295,4412,
2025-08-31 15:22,42,Discharging,No,4294967295,4412,
2025-08-31 15:22,42,Discharging,No,4294967295,4411,
2025-08-31 15:23,41,Discharging,No,4294967295,4306,
2025-08-31 15:23,41,Discharging,No,4294967295,4306,
2025-08-31 15:24,41,Discharging,No,4294967295,4306,
2025-08-31 15:24,41,Discharging,No,4294967295,8612,
2025-08-31 15:25,41,Discharging,No,4294967295,8612,
2025-08-31 15:25,41,Discharging,No,4294967295,8612,
2025-08-31 15:26,40,Discharging,No,4294967295,4201,
2025-08-31 15:26,40,Discharging,No,4294967295,8402,
2025-08-31 15:27,40,Discharging,No,4294967295,8402,
2025-08-31 15:27,40,Discharging,No,4294967295,8403,
2025-08-31 15:28,40,Discharging,No,4294967295,8403,
2025-08-31 15:28,39,Discharging,No,4294967295,4096,
2025-08-31 15:29,39,Discharging,No,4294967295,4096,
2025-08-31 15:29,39,Discharging,No,4294967295,8194,
2025-08-31 15:30,39,Discharging,No,4294967295,8194,
2025-08-31 15:30,39,Discharging,No,4294967295,8193,
2025-08-31 15:31,38,Discharging,No,4294967295,3991,
2025-08-31 15:31,38,Discharging,No,4294967295,3991,
2025-08-31 15:32,38,Discharging,No,4294967295,7983,
2025-08-31 15:32,38,Discharging,No,4294967295,7982,
2025-08-31 15:33,37,Discharging,No,4294967295,3886,
2025-08-31 15:33,37,Discharging,No,4294967295,3886,
2025-08-31 15:34,37,Discharging,No,4294967295,3886,
2025-08-31 15:34,37,Discharging,No,4294967295,7773,
2025-08-31 15:35,36,Discharging,No,4294967295,3781,
2025-08-31 15:35,36,Discharging,No,4294967295,3781,
2025-08-31 15:36,36,Discharging,No,4294967295,3781,
2025-08-31 15:36,35,Discharging,No,4294967295,3676,
2025-08-31 15:37,35,Discharging,No,4294967295,3676,
2025-08-31 15:37,35,Discharging,No,4294967295,3676,
2025-08-31 15:38,34,Discharging,No,4294967295,2380,
2025-08-31 15:38,34,Discharging,No,4294967295,3571,
2025-08-31 15:39,34,Discharging,No,4294967295,3571,
2025-08-31 15:39,34,Discharging,No,4294967295,3571,
2025-08-31 15:40,33,Discharging,No,4294967295,3466,
2025-08-31 15:40,33,Discharging,No,4294967295,3466,
2025-08-31 15:41,33,Discharging,No,4294967295,3466,
2025-08-31 15:41,32,Discharging,No,4294967295,3362,
2025-08-31 15:42,32,Discharging,No,4294967295,3362,
2025-08-31 15:42,32,Discharging,No,4294967295,3362,
2025-08-31 15:43,31,Discharging,No,4294967295,2171,
2025-08-31 15:43,31,Discharging,No,4294967295,3257,
2025-08-31 15:44,31,Discharging,No,4294967295,3257,
2025-08-31 15:44,31,Discharging,No,4294967295,3257,
2025-08-31 15:45,30,Discharging,No,4294967295,3152,
2025-08-31 15:45,30,Discharging,No,4294967295,3151,
2025-08-31 15:46,30,Discharging,No,4294967295,3151,
2025-08-31 15:46,30,Discharging,No,4294967295,6303,
2025-08-31 15:47,30,Discharging,No,4294967295,6303,
2025-08-31 15:47,29,Discharging,No,4294967295,3046,
2025-08-31 15:48,29,Discharging,No,4294967295,3046,
2025-08-31 15:48,29,Discharging,No,4294967295,6091,
2025-08-31 15:49,29,Discharging,No,4294967295,6091,
2025-08-31 15:49,28,Discharging,No,4294967295,2940,
2025-08-31 15:50,28,Discharging,No,4294967295,2940,
2025-08-31 15:50,28,Discharging,No,4294967295,2940,
2025-08-31 15:51,27,Discharging,No,4294967295,2835,
2025-08-31 15:51,27,Discharging,No,4294967295,2835,
2025-08-31 15:52,27,Discharging,No,4294967295,2835,
2025-08-31 15:52,27,Discharging,No,4294967295,2835,
2025-08-31 15:53,26,Discharging,No,4294967295,2730,
2025-08-31 15:53,26,Discharging,No,4294967295,2730,
2025-08-31 15:54,26,Discharging,No,4294967295,2731,
2025-08-31 15:54,26,Discharging,No,4294967295,5462,
2025-08-31 15:55,25,Discharging,No,4294967295,2626,
2025-08-31 15:55,25,Discharging,No,4294967295,2626,
2025-08-31 15:56,25,Discharging,No,4294967295,2626,
2025-08-31 15:56,24,Discharging,No,4294967295,2521,
2025-08-31 15:57,24,Discharging,No,4294967295,2521,
2025-08-31 15:57,24,Discharging,No,4294967295,2521,
2025-08-31 15:58,24,Discharging,No,4294967295,2521,
2025-08-31 15:58,24,Discharging,No,4294967295,5042,
2025-08-31 15:59,23,Discharging,No,4294967295,2416,
2025-08-31 15:59,23,Discharging,No,4294967295,2416,
2025-08-31 16:00,23,Discharging,No,4294967295,4832,
2025-08-31 16:00,23,Discharging,No,4294967295,4832,
2025-08-31 16:01,22,Discharging,No,4294967295,2311,
2025-08-31 16:01,22,Discharging,No,4294967295,2311,
2025-08-31 16:02,22,Discharging,No,4294967295,2311,
2025-08-31 16:02,22,Discharging,No,4294967295,4621,
2025-08-31 16:03,21,Discharging,No,4294967295,2205,
2025-08-31 16:03,21,Discharging,No,4294967295,2205,
2025-08-31 16:04,20,Discharging,No,4294967295,1400,
2025-08-31 16:04,20,Discharging,No,4294967295,2100,
2025-08-31 16:05,20,Discharging,No,4294967295,2100,
2025-08-31 16:05,20,Discharging,No,4294967295,2100,
2025-08-31 16:06,19,Discharging,No,4294967295,1330,
2025-08-31 16:06,19,Discharging,No,4294967295,1995,
2025-08-31 16:07,19,Discharging,No,4294967295,1995,
2025-08-31 16:07,19,Discharging,No,4294967295,3991,
2025-08-31 16:08,18,Discharging,No,4294967295,1891,
2025-08-31 16:08,18,Discharging,No,4294967295,1890,
2025-08-31 16:09,18,Discharging,No,4294967295,1891,
2025-08-31 16:09,18,Discharging,No,4294967295,3781,
2025-08-31 16:10,18,Discharging,No,4294967295,3782,
2025-08-31 16:10,17,Discharging,No,4294967295,1786,
2025-08-31 16:11,17,Discharging,No,4294967295,1785,
2025-08-31 16:11,17,Discharging,No,4294967295,3571,
2025-08-31 16:12,16,Discharging,No,4294967295,1680,
2025-08-31 16:12,16,Discharging,No,4294967295,1680,
2025-08-31 16:13,16,Discharging,No,4294967295,1680,
2025-08-31 16:13,16,Discharging,No,4294967295,1680,
2025-08-31 16:14,16,Discharging,No,4294967295,3361,
2025-08-31 16:14,15,Discharging,No,4294967295,1575,
2025-08-31 16:15,15,Discharging,No,4294967295,1575,
2025-08-31 16:15,15,Discharging,No,4294967295,3151,
2025-08-31 16:16,14,Discharging,No,4294967295,1470,
2025-08-31 16:16,14,Discharging,No,4294967295,1470,
2025-08-31 16:17,13,Discharging,No,4294967295,910,
2025-08-31 16:17,13,Discharging,No,4294967295,910,
2025-08-31 16:18,13,Discharging,No,4294967295,1365,
2025-08-31 16:18,13,Discharging,No,4294967295,1365,
2025-08-31 16:19,12,Discharging,No,4294967295,840,
2025-08-31 16:19,12,Discharging,No,4294967295,1260,
2025-08-31 16:20,12,Discharging,No,4294967295,1260,
2025-08-31 16:20,11,Discharging,No,4294967295,1155,
2025-08-31 16:21,11,Discharging,No,4294967295,1155,
2025-08-31 16:21,11,Discharging,No,4294967295,1155,
2025-08-31 16:22,10,Discharging,No,4294967295,700,
2025-08-31 16:22,10,Discharging,No,4294967295,1050,
2025-08-31 16:23,10,Discharging,No,4294967295,1050,
2025-08-31 16:23,10,Discharging,No,4294967295,1050,
2025-08-31 16:24,9,Discharging,No,4294967295,945,
2025-08-31 16:24,9,Discharging,No,4294967295,945,
2025-08-31 16:25,9,Discharging,No,4294967295,945,
2025-08-31 16:25,8,Discharging,No,4294967295,840,
2025-08-31 16:26,8,Discharging,No,4294967295,840,
2025-08-31 16:26,8,Discharging,No,4294967295,840,
2025-08-31 16:27,8,Discharging,No,4294967295,840,
2025-08-31 16:27,7,Discharging,No,4294967295,735,
2025-08-31 16:28,7,Discharging,No,4294967295,735,
2025-08-31 16:28,7,Discharging,No,4294967295,735,
2025-08-31 16:29,7,Discharging,No,4294967295,1470,
2025-08-31 16:29,7,Discharging,No,4294967295,1470,
2025-08-31 16:30,7,Discharging,No,4294967295,1470,
2025-08-31 16:30,7,Discharging,No,4294967295,1470,
2025-08-31 16:31,7,Discharging,No,4294967295,-,
2025-08-31 16:31,7,Discharging,No,4294967295,-,
2025-08-31 16:32,7,Discharging,No,4294967295,-,
